x,y,z,phi,alpha,beta,phi_dot,phi_dot_dot,alpha_dot,alpha_dot_dot,beta_dot,beta_dot_dot
0.5,0.5,0.0,1.7453292519943295,2.23992577422551,0.0,-0.0,-68.90283706733292,-5.154126742791109,0.0,2.445468646047696,-0.0
0.5,0.5,0.0,1.741815339546981,2.2812085352776186,0.02468512376236106,-0.6955211073075187,-68.76411336431136,-5.143749818152958,2.0539413610659025,2.4405451264853393,-0.9745296245057368
0.5,0.5,0.0,1.7312877514901472,2.31135490691389,0.04927084924379171,-1.388241596595751,-68.34850084663702,-5.112660828451552,4.099612225196598,2.425794393073821,-1.9451351621677475
0.5,0.5,0.0,1.7137888787052864,2.3332037805917554,0.07365817840515683,-2.0753721269457133,-67.65767303923076,-5.0609849580757515,6.128775397829015,2.4012758418104094,-2.9079083270550434
0.5,0.5,0.0,1.6893891829769851,2.3489946775241908,0.09774891207927948,-2.7541458662301257,-66.69441166184963,-4.988930287516886,8.133260155047465,2.367088200247373,-3.858972371437414
0.5,0.5,0.0,1.6581869132682208,2.3604154872303313,0.1214460453843283,-3.4218296321698505,-65.46259542808323,-4.896786955502047,10.104995144205027,2.323369129950971,-4.794497696080257
0.5,0.5,0.0,1.6203077101064638,2.3687025527508276,0.14465415832823936,-4.075734897894274,-63.967184427143096,-4.784925990707845,12.036040884411944,2.2702946721869135,-5.710717270689072
0.5,0.5,0.0,1.5759040996736178,2.3747457715150517,0.16727980003134646,-4.713228617690114,-62.214200151334005,-4.653797817758875,13.91862173602297,2.2080785390643167,-6.603941802410899
0.5,0.5,0.0,1.5251548796369185,2.3791792463149806,0.18923186502009035,-5.331743829347185,-60.210701249629764,-4.50393044352673,15.74515721039384,2.1369712529924696,-7.470574591314524
0.5,0.5,0.0,1.4682643991938327,2.3824525294683387,0.21042196007660594,-5.928789990409237,-57.96475510498509,-4.335927331032689,17.50829249383358,2.05725913791551,-8.307126013031676
0.5,0.5,0.0,1.4054617362299635,2.3848837965793086,0.23076476016701272,-6.5019630067093965,-55.48540534983175,-4.150464969515112,19.200928062843392,1.9692631663869573,-9.110227570242715
0.5,0.5,0.0,1.3369997749032587,2.3866983340480235,0.25017835201521105,-7.048954912808863,-52.78263545056273,-3.9482901504460473,20.816248271392045,1.8733376671265285,-9.876645456426438
0.5,0.5,0.0,1.2631541873687577,2.3880558795246394,0.26858456393873453,-7.567563165359162,-49.86732850763657,-3.730216960465542,22.347748795116917,1.7698688982634379,-10.6032935772576
0.5,0.5,0.0,1.1842223237441223,2.389069819242364,0.28590928061852505,-8.055699511966825,-46.75122343317302,-3.497123503342074,23.789262821942547,1.659273492011239,-11.287245977219548
0.5,0.5,0.0,1.100522014785659,2.3898205644273913,0.3020827415351638,-8.511398399848742,-43.446867682497064,-3.249948364158596,25.134985883656284,1.5419967770369507,-11.925748621394366
0.5,0.5,0.0,1.0123902920960417,2.390364811942283,0.3170398218698616,-8.932824890419496,-39.967566729964936,-2.9896868299616766,26.379499228453184,1.4185109852796889,-12.516230484989489
0.5,0.5,0.0,0.9201820310169987,2.390741901260543,0.3307202947391191,-9.318282047941416,-36.32733049251486,-2.717386882091838,27.517791640336977,1.2893133504393188,-13.05631390594712
0.5,0.5,0.0,0.8242685216715641,2.3909781084328676,0.3430690737071295,-9.66621777248586,-32.54081691667635,-2.4341449763325826,28.54527961751823,1.1549241057918422,-13.543824158950137
0.5,0.5,0.0,0.7250359739097971,2.3910894451997007,0.35403643459941303,-9.975231049691832,-28.62327295619297,-2.141101627869939,29.4578258285583,1.0158843893936094,-13.976798212273405
0.5,0.5,0.0,0.6228839621780243,2.391083331921045,0.36357821572451826,-10.244077592156337,-24.590473177920824,-1.8394368188403407,30.251755771942832,0.872754065109353,-14.353492632219684
0.5,0.5,0.0,0.5182238165735733,2.390959363329336,0.37165599569756663,-10.471674849740584,-20.45865624321545,-1.530365246959034,30.923872572002455,0.7261094682380097,-14.672390603311804
0.5,0.5,0.0,0.41147696656364807,2.3907092668731575,0.3782372481496086,-10.657106368617308,-16.24445952057392,-1.2151314343611037,31.471469851602745,0.5765410848138852,-14.932208035973217
0.5,0.5,0.0,0.3030732440376018,2.3903160482335606,0.38329547269983205,-10.7996254815069,-11.964852092823772,-0.895004716350067,31.892342629769818,0.42465117392779766,-15.131898737103551
0.5,0.5,0.0,0.19344915252562928,2.3897522126426107,0.3868103016632419,-10.898658314242981,-7.637066428615829,-0.5712741302326271,32.18479620037041,0.271051342642289,-15.270658622728936
0.5,0.5,0.0,0.08304610955310948,2.3889768290100744,0.3887675820641395,-10.953806096561147,-3.278528993354873,-0.24524322482038619,32.34765295609537,0.11636008326584278,-15.347928955764399
0.5,0.5,0.0,-0.02769133079197458,2.387931049939378,0.38915943262516056,-10.964846767806065,1.0932099210259743,0.08177518850114064,32.38025713026869,-0.0387997170973497,-15.363398595850887
0.5,0.5,0.0,-0.13831726792144164,2.3865314947146716,0.3879842755023968,-10.931735871091373,5.460546864896465,0.40846432200061544,32.282477437388394,-0.193803284693909,-15.317005252207686
0.5,0.5,0.0,-0.2483862502312069,2.384660620675662,0.3852468426388173,-10.854606732311852,9.805896113808007,0.7335087138403311,32.05470760176699,-0.3480264748646677,-15.208935734455402
0.5,0.5,0.0,-0.3574550687776707,2.38215282509113,0.3809581567104039,-10.73376992328712,14.111760479999191,1.0555995249767425,31.69786477214258,-0.5008482852549225,-15.039625200399565
0.5,0.5,0.0,-0.4650845419237048,2.378774513055459,0.3751354867417253,-10.569712011198524,18.360801767395298,1.373439809393344,31.213385828644615,-0.6516533563717355,-14.809755403803722
0.5,0.5,0.0,-0.5708412837681044,2.374195738645338,0.3678022785696702,-10.36309359935482,22.535910586404725,1.6857497364445446,30.603221596984717,-0.7998344494194327,-14.520251949207642
0.5,0.5,0.0,-0.6742994492376435,2.3679503464282217,0.35898806043533743,-10.114746667175826,26.620275247391906,1.991271744281947,29.869828993170135,-0.9447948914359023,-14.172280564844554
0.5,0.5,0.0,-0.7750424488148915,2.3593810439823577,0.34872832408423055,-9.825671220104926,30.597449455418104,2.28877560361208,29.016161130370076,-1.0859509778840293,-13.76724240866495
0.5,0.5,0.0,-0.8726646259971651,2.347566118084562,0.3370643818535254,-9.49703126294009,34.45141853366648,2.577063371395556,28.045655427771273,-1.2227343230238485,-13.306768426368071
0.5,0.5,0.0,-0.96677289073209,2.331226865373571,0.3240432003218694,-9.130150112797406,38.16666390889326,2.8549742145408796,26.962219769304166,-1.3545941486013109,-12.79271278415921
0.5,0.5,0.0,-1.056988302252504,2.308621748248152,0.30971721119154566,-8.726505070580075,41.72822559924513,3.1213890841696057,25.770216767973533,-1.480999501637919,-12.227145402676804
0.5,0.5,0.0,-1.142947594937182,2.2774489531925877,0.29414410016451337,-8.287721472409107,45.121762452826026,3.375235221631207,24.474446199155704,-1.6014413923909767,-11.612343622152599
0.5,0.5,0.0,-1.2243046410532803,2.2348085582265274,0.2773865746624457,-7.815566144968396,48.33360989445432,3.6154904781235415,23.080125673597145,-1.7154348438756375,-10.950783032366305
0.5,0.5,0.0,-1.3007318444905505,2.1773206415175337,0.25951211132607566,-7.311940291117272,51.350834948084064,3.841187430525306,21.59286962793756,-1.8225208446960492,-10.245127504319312
0.5,0.5,0.0,-1.3719214598752572,2.1015421212259615,0.2405926843105779,-6.778871834417577,54.1612883133351,4.0514172768675145,20.018666717355043,-1.922268197322246,-9.498218463766328
0.5,0.5,0.0,-1.4375868317521767,2.0048212331122173,0.22070447547105024,-6.218507253401256,56.753653286437554,4.245333495758261,18.363855701365416,-2.0142752543704083,-8.713063449796781
0.5,0.5,0.0,-1.4974635488449441,1.88657774092127,0.19992756760507016,-5.63310293845888,59.1174913286038,4.422155255025591,16.635099919874843,-2.0981715358951205,-7.8928240045363625
0.5,0.5,0.0,-1.5513105087469417,1.7496310952636354,0.17834562198753365,-5.02501610615191,61.24328409833994,4.581170555853074,14.839360462261794,-2.173619221181352,-7.040802942732724
0.5,0.5,0.0,-1.5989108887555932,1.6007764613499198,0.15604554149622915,-4.396695307533585,63.12247177844759,4.72173909974774,12.983868137527011,-2.240314509029247,-6.160431052486221
0.5,0.5,0.0,-1.6400730189408608,1.449824453533551,0.13311712068462087,-3.750670568698034,64.74748754338651,4.843294866796115,11.076094358377762,-2.2979888410543268,-5.255253280677109
0.5,0.5,0.0,-1.6746311539324057,1.3071552726641351,0.10965268421087403,-3.0895432032581467,66.11178802821048,4.945348394826645,9.123721056485826,-2.3464099830773226,-4.328914458715615
0.5,0.5,0.0,-1.702446140317696,1.1809666721656764,0.08574671507904144,-2.4159753377737556,67.20987967638848,5.027488750301109,7.134609750059901,-2.3853829602492493,-3.3851446260922504
0.5,0.5,0.0,-1.7234059769636834,1.0756523557933746,0.06149547418935437,-1.732679192307591,68.0373408604179,5.089385182998938,5.116769888286539,-2.414750842146304,-2.4277440108253154
0.5,0.5,0.0,-1.7374262660058388,0.9918367181924236,0.036996612729551515,-1.0424061592723377,68.5908396861579,5.130788457831616,3.0783266001051244,-2.434395374673298,-1.4605677272839206
0.5,0.5,0.0,-1.7444505526885632,0.9275169911706138,0.01234877896801034,-0.3479357245444433,68.86814740919122,5.151531858424422,1.027487977181249,-2.4442374562311615,-0.4875102530030182
0.5,0.5,0.0,-1.7444505526885632,0.8794336838642456,-0.012348778968010418,0.34793572454444555,68.86814740919122,5.151531858424422,-1.0274879771812557,-2.4442374562311615,0.4875102530030213
0.5,0.5,0.0,-1.7374262660058388,0.8441102352043718,-0.03699661272955159,1.04240615927234,68.5908396861579,5.130788457831616,-3.0783266001051306,-2.434395374673298,1.4605677272839235
0.5,0.5,0.0,-1.7234059769636834,0.8184300042721007,-0.06149547418935461,1.7326791923075981,68.03734086041788,5.089385182998937,-5.1167698882865595,-2.414750842146304,2.427744010825325
0.5,0.5,0.0,-1.7024461403176958,0.79985352816074,-0.08574671507904152,2.415975337773758,67.20987967638848,5.027488750301109,-7.134609750059907,-2.3853829602492493,3.3851446260922535
0.5,0.5,0.0,-1.6746311539324057,0.7864278888316729,-0.1096526842108741,3.0895432032581485,66.11178802821048,4.945348394826645,-9.12372105648583,-2.3464099830773226,4.328914458715618
0.5,0.5,0.0,-1.6400730189408608,0.7767044990678948,-0.13311712068462092,3.7506705686980357,64.74748754338651,4.843294866796115,-11.07609435837777,-2.2979888410543268,5.2552532806771115
0.5,0.5,0.0,-1.5989108887555927,0.7696327071203274,-0.15604554149622937,4.396695307533592,63.122471778447576,4.721739099747739,-12.983868137527033,-2.240314509029246,6.16043105248623
0.5,0.5,0.0,-1.5513105087469417,0.7644606452181179,-0.1783456219875337,5.025016106151912,61.24328409833994,4.581170555853074,-14.8393604622618,-2.173619221181352,7.040802942732726
0.5,0.5,0.0,-1.4974635488449444,0.7606541931543161,-0.19992756760507008,5.633102938458878,59.117491328603805,4.422155255025591,-16.635099919874836,-2.0981715358951205,7.892824004536359
0.5,0.5,0.0,-1.437586831752176,0.7578351292877423,-0.22070447547105046,6.218507253401262,56.75365328643753,4.245333495758259,-18.363855701365434,-2.0142752543704074,8.71306344979679
0.5,0.5,0.0,-1.371921459875257,0.7557357586314689,-0.24059268431057798,6.778871834417579,54.16128831333509,4.051417276867514,-20.01866671735505,-1.9222681973222457,9.498218463766332
0.5,0.5,0.0,-1.3007318444905505,0.7541664153875458,-0.2595121113260757,7.311940291117273,51.35083494808406,3.8411874305253053,-21.592869627937564,-1.822520844696049,10.245127504319312
0.5,0.5,0.0,-1.22430464105328,0.7529925268366311,-0.2773865746624458,7.815566144968399,48.33360989445431,3.6154904781235406,-23.080125673597152,-1.7154348438756373,10.950783032366308
0.5,0.5,0.0,-1.142947594937181,0.7521185755137039,-0.29414410016451353,8.287721472409112,45.121762452826,3.3752352216312045,-24.474446199155718,-1.6014413923909756,11.612343622152606
0.5,0.5,0.0,-1.0569883022525035,0.7514769599670122,-0.3097172111915457,8.726505070580076,41.72822559924511,3.1213890841696044,-25.770216767973537,-1.4809995016379185,12.227145402676806
0.5,0.5,0.0,-0.9667728907320898,0.7510203116211884,-0.32404320032186945,9.130150112797406,38.166663908893256,2.854974214540879,-26.96221976930417,-1.3545941486013107,12.792712784159212
0.5,0.5,0.0,-0.8726646259971641,0.7507162553488749,-0.33706438185352555,9.497031262940094,34.451418533666434,2.5770633713955524,-28.045655427771283,-1.2227343230238472,13.306768426368077
0.5,0.5,0.0,-0.7750424488148911,0.7505439200623298,-0.3487283240842306,9.825671220104926,30.597449455418094,2.288775603612079,-29.01616113037008,-1.0859509778840288,13.767242408664952
0.5,0.5,0.0,-0.6742994492376421,0.7504917384994418,-0.35898806043533754,10.11474666717583,26.62027524739185,1.9912717442819428,-29.869828993170145,-0.9447948914359003,14.17228056484456
0.5,0.5,0.0,-0.5708412837681047,0.7505562472960066,-0.3678022785696701,10.36309359935482,22.535910586404743,1.6857497364445457,-30.603221596984714,-0.7998344494194333,14.52025194920764
0.5,0.5,0.0,-0.4650845419237045,0.7507417306822378,-0.3751354867417253,10.569712011198524,18.360801767395287,1.373439809393343,-31.213385828644615,-0.651653356371735,14.809755403803722
0.5,0.5,0.0,-0.35745506877766997,0.7510606614415856,-0.3809581567104039,10.733769923287122,14.11176047999916,1.0555995249767405,-31.697864772142584,-0.5008482852549214,15.039625200399566
0.5,0.5,0.0,-0.2483862502312069,0.7515349965204254,-0.3852468426388173,10.854606732311852,9.805896113808007,0.7335087138403311,-32.05470760176699,-0.3480264748646677,15.208935734455402
0.5,0.5,0.0,-0.1383172679214405,0.7521984965314186,-0.3879842755023968,10.931735871091373,5.46054686489642,0.40846432200061217,-32.282477437388394,-0.19380328469390745,15.317005252207686
0.5,0.5,0.0,-0.027691330791973848,0.7531003739208442,-0.38915943262516056,10.964846767806065,1.0932099210259454,0.08177518850113848,-32.38025713026869,-0.038799717097348675,15.363398595850887
0.5,0.5,0.0,0.08304610955310944,0.7543107518226961,-0.3887675820641395,10.953806096561147,-3.278528993354872,-0.24524322482038607,-32.34765295609537,0.11636008326584274,15.347928955764399
0.5,0.5,0.0,0.19344915252562925,0.7559286562830481,-0.3868103016632419,10.898658314242981,-7.637066428615828,-0.571274130232627,-32.18479620037041,0.2710513426422889,15.270658622728936
0.5,0.5,0.0,0.30307324403760133,0.7580935937940156,-0.38329547269983205,10.7996254815069,-11.964852092823756,-0.8950047163500656,-31.892342629769818,0.42465117392779705,15.131898737103551
0.5,0.5,0.0,0.4114769665636484,0.7610022091117918,-0.3782372481496086,10.657106368617308,-16.244459520573933,-1.2151314343611046,-31.471469851602745,0.5765410848138858,14.932208035973217
0.5,0.5,0.0,0.5182238165735736,0.7649320887306041,-0.3716559956975666,10.471674849740582,-20.458656243215465,-1.5303652469590352,-30.923872572002452,0.7261094682380103,14.672390603311802
0.5,0.5,0.0,0.6228839621780253,0.7702754455385337,-0.36357821572451815,10.244077592156334,-24.590473177920863,-1.8394368188403438,-30.251755771942825,0.8727540651093545,14.353492632219682
0.5,0.5,0.0,0.7250359739097978,0.7775860543287514,-0.354036434599413,9.97523104969183,-28.623272956192995,-2.1411016278699413,-29.457825828558295,1.0158843893936103,13.976798212273403
0.5,0.5,0.0,0.8242685216715647,0.7876430231781885,-0.34306907370712947,9.666217772485858,-32.54081691667637,-2.4341449763325844,-28.545279617518226,1.1549241057918431,13.543824158950136
0.5,0.5,0.0,0.9201820310169987,0.8015338901413717,-0.3307202947391191,9.318282047941416,-36.32733049251486,-2.717386882091838,-27.517791640336977,1.2893133504393188,13.05631390594712
0.5,0.5,0.0,1.0123902920960413,0.8207552959482396,-0.3170398218698617,8.932824890419498,-39.96756672996492,-2.9896868299616752,-26.379499228453188,1.4185109852796884,12.51623048498949
0.5,0.5,0.0,1.1005220147856598,0.8473188009210568,-0.3020827415351636,8.511398399848739,-43.4468676824971,-3.2499483641585982,-25.134985883656274,1.5419967770369518,11.92574862139436
0.5,0.5,0.0,1.1842223237441223,0.883827420899757,-0.285909280618525,8.055699511966823,-46.751223433173024,-3.4971235033420744,-23.789262821942543,1.6592734920112393,11.287245977219547
0.5,0.5,0.0,1.2631541873687586,0.9334507685317947,-0.2685845639387343,7.5675631653591555,-49.86732850763661,-3.730216960465545,-22.3477487951169,1.7698688982634392,10.603293577257594
0.5,0.5,0.0,1.3369997749032594,0.999677321665661,-0.2501783520152109,7.048954912808859,-52.78263545056276,-3.9482901504460495,-20.81624827139203,1.8733376671265296,9.87664545642643
0.5,0.5,0.0,1.405461736229964,1.0856914494421788,-0.23076476016701258,6.501963006709393,-55.485405349831765,-4.150464969515114,-19.20092806284338,1.9692631663869578,9.11022757024271
0.5,0.5,0.0,1.4682643991938327,1.1932866041524381,-0.2104219600766059,5.9287899904092365,-57.96475510498509,-4.335927331032689,-17.508292493833576,2.05725913791551,8.307126013031676
0.5,0.5,0.0,1.5251548796369185,1.3214844142723539,-0.1892318650200904,5.331743829347187,-60.210701249629764,-4.50393044352673,-15.745157210393844,2.1369712529924696,7.470574591314525
0.5,0.5,0.0,1.5759040996736182,1.46546614670813,-0.16727980003134627,4.713228617690108,-62.21420015133402,-4.653797817758876,-13.918621736022953,2.208078539064317,6.6039418024108905
0.5,0.5,0.0,1.620307710106464,1.6167001803608847,-0.14465415832823925,4.075734897894271,-63.9671844271431,-4.784925990707845,-12.036040884411936,2.2702946721869135,5.710717270689067
0.5,0.5,0.0,1.6581869132682212,1.7647288508840488,-0.12144604538432795,3.4218296321698407,-65.46259542808325,-4.896786955502049,-10.104995144204999,2.323369129950972,4.794497696080244
0.5,0.5,0.0,1.6893891829769851,1.899962704852885,-0.09774891207927955,2.7541458662301275,-66.69441166184963,-4.988930287516886,-8.13326015504747,2.367088200247373,3.8589723714374164
0.5,0.5,0.0,1.7137888787052862,2.0160095431201093,-0.073658178405157,2.075372126945718,-67.65767303923074,-5.0609849580757515,-6.128775397829029,2.4012758418104094,2.90790832705505
0.5,0.5,0.0,1.7312877514901472,2.110455022459271,-0.04927084924379162,1.3882415965957486,-68.34850084663702,-5.112660828451552,-4.099612225196591,2.425794393073821,1.945135162167744
0.5,0.5,0.0,1.741815339546981,2.184164026057389,-0.024685123762361066,0.6955211073075189,-68.76411336431136,-5.143749818152958,-2.053941361065903,2.4405451264853393,0.974529624505737
0.5,0.5,0.0,1.7453292519943295,2.23992577422551,-9.532856993332426e-17,2.6859509863654914e-15,-68.90283706733292,-5.154126742791109,-7.931874053468e-15,2.445468646047696,3.7634210934539665e-15
